{"cameraMode":{"drawMode":0,"name":"Shaded","section":"Shading Mode"},"sceneLighting":true,"audioPlay":false,"sceneViewState":{"m_AlwaysRefresh":false,"showFog":true,"showSkybox":true,"showFlares":true,"showImageEffects":true,"showParticleSystems":true,"showVisualEffectGraphs":true,"m_FxEnabled":true},"in2DMode":false,"pivot":{"x":34.42102813720703,"y":0.2480456829071045,"z":17.841136932373048},"rotation":{"x":0.26784971356391909,"y":0.40006718039512637,"z":-0.12350324541330338,"w":0.8677501082420349},"size":2.324794292449951,"orthographic":true}