{"cameraMode":{"drawMode":0,"name":"Shaded","section":"Shading Mode"},"sceneLighting":false,"audioPlay":false,"sceneViewState":{"m_AlwaysRefresh":false,"showFog":true,"showSkybox":false,"showFlares":true,"showImageEffects":true,"showParticleSystems":true,"showVisualEffectGraphs":true,"m_FxEnabled":true},"in2DMode":false,"pivot":{"x":32.704105377197269,"y":-2.4351718425750734,"z":16.573984146118165},"rotation":{"x":-0.1674034148454666,"y":0.8303801417350769,"z":-0.40760117769241335,"w":-0.34103986620903017},"size":2.6304869651794435,"orthographic":false}